	M1PX	M1PY	M1PZ	M1RX	M1RY	M1RZ	M1a	M2PX	M2PY	M2PZ	M2RX	M2RY	M2RZ	M2a
154	-0.0587685084374	0.0073891995074	0.185827110675	0.988450707034	2.33225252858	-1.03500310956	4.71238898038	0.0585256463414	-0.0781614575464	0.305666930741	2.16764812589	0.830911239406	-0.276487647505	0.0
155	-0.0593155842334	0.00684592115638	0.186071996694	0.971127689697	2.33948899079	-1.04177059989	4.71238898038	0.0581014978443	-0.0779567808681	0.304397782811	2.17072719552	0.824440602509	-0.266632607105	0.0
156	-0.0597864256526	0.00629673588593	0.186119536657	0.961328825714	2.34503516477	-1.04058737712	4.71238898038	0.0583927718916	-0.0784859156487	0.306485549881	2.17067905368	0.832723852684	-0.283402040794	0.0
157	-0.0604652874511	0.00585920652	0.186989536532	0.955505464565	2.34952537857	-1.04146659915	4.71238898038	0.0583927718916	-0.0784859156487	0.306485549881	2.17067905368	0.832723852684	-0.283402040794	0.0
158	-0.0604652874511	0.00585920652	0.186989536532	0.955505464565	2.34952537857	-1.04146659915	4.71238898038	0.0583927718916	-0.0784859156487	0.306485549881	2.17067905368	0.832723852684	-0.283402040794	0.0
159	-0.0604652874511	0.00585920652	0.186989536532	0.955505464565	2.34952537857	-1.04146659915	4.71238898038	0.0583927718916	-0.0784859156487	0.306485549881	2.17067905368	0.832723852684	-0.283402040794	0.0
160	-0.0604652874511	0.00585920652	0.186989536532	0.955505464565	2.34952537857	-1.04146659915	4.71238898038	0.0583927718916	-0.0784859156487	0.306485549881	2.17067905368	0.832723852684	-0.283402040794	0.0
161	-0.0625668174687	0.00346040027844	0.188751891958	0.901255204623	2.38371166949	-1.06252831564	4.71238898038	0.0580160143961	-0.0778648239635	0.304189446425	2.17279915983	0.819456802747	-0.267072749702	0.0
162	-0.0629919640175	0.002827711958	0.189186486728	0.887538655618	2.38937933947	-1.06976197363	4.71238898038	0.0582531459364	-0.0783605629487	0.305997927646	2.17046246178	0.829341195662	-0.280180507857	0.0
163	-0.0635523141677	0.00221624607457	0.189563830224	0.874382915487	2.39743109427	-1.07489788351	4.71238898038	0.0583927718916	-0.0784859156487	0.306485549881	2.17067905368	0.832723852684	-0.283402040794	0.0
164	-0.0640473279405	0.00160170768413	0.189997751457	0.86160604289	2.40390023348	-1.07754058237	4.71238898038	0.0582531459364	-0.0783605629487	0.305997927646	2.17046246178	0.829341195662	-0.280180507857	0.0
165	-0.0644553476926	0.000962026425101	0.190353576024	0.849203196096	2.41364682169	-1.07870022399	4.71238898038	0.0583927718916	-0.0784859156487	0.306485549881	2.17067905368	0.832723852684	-0.283402040794	0.0
166	-0.0647741347939	0.000464039617297	0.190651176877	0.834327167243	2.41871073526	-1.08771960925	4.71238898038	0.0583251075728	-0.0783473740229	0.305940050316	2.17038172139	0.829153488443	-0.279853385003	0.0
167	-0.0652326018176	-0.00013026237359	0.190898996327	0.827514975734	2.42311430203	-1.08843951191	4.71238898038	0.0583927718916	-0.0784859156487	0.306485549881	2.17067905368	0.832723852684	-0.283402040794	0.0
168	-0.0652326018176	-0.00013026237359	0.190898996327	0.827514975734	2.42311430203	-1.08843951191	4.71238898038	0.0583927718916	-0.0784859156487	0.306485549881	2.17067905368	0.832723852684	-0.283402040794	0.0
169	-0.0659706792212	-0.00128004280079	0.191602605221	0.805027261545	2.43594449694	-1.0983819051	4.71238898038	0.058157161737	-0.0779923095865	0.30468564208	2.17306022065	0.822818134703	-0.270237363785	0.0
170	-0.0663472505411	-0.00181627011411	0.19222554203	0.790600783182	2.44485252987	-1.10071872712	4.71238898038	0.0581872786061	-0.0780780425772	0.304873323168	2.17213306383	0.820231703824	-0.260600058218	0.0
171	-0.0667945810036	-0.00235379215747	0.192862187984	0.777853277551	2.44858893866	-1.09878662702	4.71238898038	0.0579604481909	-0.0778293048921	0.303901846409	2.17046120618	0.821078919389	-0.263487112599	0.0
172	-0.0671081081397	-0.00289118956433	0.193225679345	0.763631953507	2.45674247815	-1.10969116133	4.71238898038	0.0582531459364	-0.0783605629487	0.305997927646	2.17046246178	0.829341195662	-0.280180507857	0.0
173	-0.0674954205258	-0.00352905682453	0.193675583866	0.753483454309	2.463722841	-1.10782143967	4.71238898038	0.0583251075728	-0.0783473740229	0.305940050316	2.17038172139	0.829153488443	-0.279853385003	0.0
174	-0.0678350704	-0.00399474525684	0.194049115846	0.742892795534	2.46665930322	-1.11673331446	4.71238898038	0.0580160143961	-0.0778648239635	0.304189446425	2.17279915983	0.819456802747	-0.267072749702	0.0
175	-0.0680643407316	-0.00461300025379	0.194416239976	0.729483515095	2.47627102737	-1.12246761576	4.71238898038	0.0581872786061	-0.0780780425772	0.304873323168	2.17213306383	0.820231703824	-0.260600058218	0.0
176	-0.0683277979001	-0.00512442756615	0.194590870158	0.718382410857	2.47739119102	-1.12463401934	4.71238898038	0.0581850343146	-0.0782213821653	0.305449929854	2.17015472491	0.825778489657	-0.276651856419	0.0
177	-0.0685031895816	-0.00561439804609	0.194811103561	0.707851579075	2.48299476835	-1.131682972	4.71238898038	0.0580160143961	-0.0778648239635	0.304189446425	2.17279915983	0.819456802747	-0.267072749702	0.0
178	-0.0689719808593	-0.00622742464433	0.195590476034	0.69354475645	2.48960782011	-1.129183978	4.71238898038	0.0580160143961	-0.0778648239635	0.304189446425	2.17279915983	0.819456802747	-0.267072749702	0.0
179	-0.069075374418	-0.00674398337201	0.195743254692	0.683331201536	2.49790479518	-1.1334595054	4.71238898038	0.0580160143961	-0.0778648239635	0.304189446425	2.17279915983	0.819456802747	-0.267072749702	0.0
180	-0.0695822647313	-0.00723559381361	0.196556018928	0.675824987902	2.50262384613	-1.12972095912	4.71238898038	0.0581850343146	-0.0782213821653	0.305449929854	2.17015472491	0.825778489657	-0.276651856419	0.0
181	-0.0695428801383	-0.00771618380621	0.196384603975	0.665282319539	2.5050955388	-1.13747390961	4.71238898038	0.0583595563255	-0.0784391725333	0.306150792667	2.16952951987	0.826584596126	-0.2701754063	0.0
182	-0.0699041695594	-0.00824097999082	0.197163053766	0.651499323346	2.50936451973	-1.14038632458	4.71238898038	0.0583251075728	-0.0783473740229	0.305940050316	2.17038172139	0.829153488443	-0.279853385003	0.0
183	-0.0699041695594	-0.00824097999082	0.197163053766	0.651499323346	2.50936451973	-1.14038632458	4.71238898038	0.0583251075728	-0.0783473740229	0.305940050316	2.17038172139	0.829153488443	-0.279853385003	0.0
184	-0.0705133801193	-0.00949327069056	0.198402439741	0.625060832725	2.52394119155	-1.15446862797	4.71238898038	0.0581850343146	-0.0782213821653	0.305449929854	2.17015472491	0.825778489657	-0.276651856419	0.0
185	-0.0707048446979	-0.0102109936516	0.19876931384	0.609695634405	2.52956457703	-1.15961378295	4.71238898038	0.0581850343146	-0.0782213821653	0.305449929854	2.17015472491	0.825778489657	-0.276651856419	0.0
186	-0.0710718416218	-0.0108575873232	0.199557633554	0.590471087983	2.53446676365	-1.16339553234	4.71238898038	0.0582531459364	-0.0783605629487	0.305997927646	2.17046246178	0.829341195662	-0.280180507857	0.0
187	-0.0714481003994	-0.0116275894467	0.200286245362	0.581624704928	2.54151444365	-1.16573601502	4.71238898038	0.0582531459364	-0.0783605629487	0.305997927646	2.17046246178	0.829341195662	-0.280180507857	0.0
188	-0.0714481003994	-0.0116275894467	0.200286245362	0.581624704928	2.54151444365	-1.16573601502	4.71238898038	0.0582531459364	-0.0783605629487	0.305997927646	2.17046246178	0.829341195662	-0.280180507857	0.0
189	-0.0719387053494	-0.0131364622263	0.201627018433	0.542414347486	2.55892034777	-1.17495241531	4.71238898038	0.0585567813266	-0.0786023127163	0.306935814253	2.17210457153	0.828341869015	-0.277019193196	0.0
190	-0.0722673458678	-0.013874289462	0.202395562292	0.529109116785	2.56381046879	-1.18457193532	4.71238898038	0.0581850343146	-0.0782213821653	0.305449929854	2.17015472491	0.825778489657	-0.276651856419	0.0
191	-0.0722404708646	-0.0145875316786	0.202940516385	0.49710303189	2.57126672178	-1.19333827095	4.71238898038	0.0585567813266	-0.0786023127163	0.306935814253	2.17210457153	0.828341869015	-0.277019193196	0.0
192	-0.0725288223524	-0.0153657634555	0.203748042399	0.480801058634	2.57607351775	-1.199248074	4.71238898038	0.0581850343146	-0.0782213821653	0.305449929854	2.17015472491	0.825778489657	-0.276651856419	0.0
193	-0.0728130640836	-0.0161195500129	0.20480177107	0.461765125994	2.58615619323	-1.20009609354	4.71238898038	0.0581850343146	-0.0782213821653	0.305449929854	2.17015472491	0.825778489657	-0.276651856419	0.0
194	-0.0729770766556	-0.0169809007615	0.205560125763	0.44313732684	2.59878520194	-1.19985092162	4.71238898038	0.0581850343146	-0.0782213821653	0.305449929854	2.17015472491	0.825778489657	-0.276651856419	0.0
195	-0.0730392248906	-0.0174684593027	0.205861398692	0.428152801327	2.59705770137	-1.20717389295	4.71238898038	0.0581850343146	-0.0782213821653	0.305449929854	2.17015472491	0.825778489657	-0.276651856419	0.0
196	-0.0733066446258	-0.0182227810201	0.206559502604	0.418004187683	2.61091909275	-1.19878041994	4.71238898038	0.0583251075728	-0.0783473740229	0.305940050316	2.17038172139	0.829153488443	-0.279853385003	0.0
197	-0.0732663079415	-0.018701111031	0.207042282097	0.400523122227	2.60887908021	-1.2093854743	4.71238898038	0.0581872786061	-0.0780780425772	0.304873323168	2.17213306383	0.820231703824	-0.260600058218	0.0
198	-0.0735808802434	-0.0193971056761	0.20786567679	0.390453374494	2.61714336666	-1.20803671733	4.71238898038	0.0582531459364	-0.0783605629487	0.305997927646	2.17046246178	0.829341195662	-0.280180507857	0.0
199	-0.0736538987959	-0.0199919853923	0.208415772573	0.378210852746	2.62329645906	-1.21209106858	4.71238898038	0.0581872786061	-0.0780780425772	0.304873323168	2.17213306383	0.820231703824	-0.260600058218	0.0
200	-0.0738097672317	-0.0206260256519	0.209310598449	0.361450077038	2.62915713616	-1.21483967296	4.71238898038	0.0581850343146	-0.0782213821653	0.305449929854	2.17015472491	0.825778489657	-0.276651856419	0.0
201	-0.0738259094201	-0.0212525478473	0.209599614859	0.350004867625	2.63265734008	-1.21854382168	4.71238898038	0.0583595563255	-0.0784391725333	0.306150792667	2.16952951987	0.826584596126	-0.2701754063	0.0
202	-0.0741452256529	-0.0219353406878	0.210885132547	0.333726393268	2.63801352771	-1.21811531673	4.71238898038	0.0582163798469	-0.078307301479	0.306229303193	2.17244728098	0.827099543857	-0.283240372322	0.0
203	-0.0742158856295	-0.0226637413717	0.211545482334	0.31917137911	2.64687633214	-1.22178661387	4.71238898038	0.0582163798469	-0.078307301479	0.306229303193	2.17244728098	0.827099543857	-0.283240372322	0.0
204	-0.0743574479431	-0.0233038712468	0.21256816591	0.300045499618	2.65022427535	-1.22574127649	4.71238898038	0.0579245359717	-0.0777771828416	0.304135047929	2.17246747974	0.818848600783	-0.266485014454	0.0
205	-0.0742011865159	-0.0239565902109	0.212715481108	0.284227526939	2.65421669499	-1.23370950325	4.71238898038	0.0579245359717	-0.0777771828416	0.304135047929	2.17246747974	0.818848600783	-0.266485014454	0.0
206	-0.0743498382981	-0.0247623298506	0.213718675397	0.267923105898	2.66218316003	-1.23143415405	4.71238898038	0.0579245359717	-0.0777771828416	0.304135047929	2.17246747974	0.818848600783	-0.266485014454	0.0
207	-0.0744719372558	-0.0255164368923	0.214695150406	0.25355324213	2.66542786626	-1.23369318216	4.71238898038	0.0579245359717	-0.0777771828416	0.304135047929	2.17246747974	0.818848600783	-0.266485014454	0.0
208	-0.0744739007915	-0.0262091199766	0.215341787335	0.237157270623	2.67436124578	-1.2371193903	4.71238898038	0.0581872786061	-0.0780780425772	0.304873323168	2.17213306383	0.820231703824	-0.260600058218	0.0
209	-0.0744186940973	-0.0269102019574	0.21601345569	0.217977021644	2.67978044525	-1.23942274561	4.71238898038	0.0582163798469	-0.078307301479	0.306229303193	2.17244728098	0.827099543857	-0.283240372322	0.0
210	-0.0744775868845	-0.0276296050451	0.216830119691	0.203786881647	2.68551089211	-1.24011425425	4.71238898038	0.0581482319144	-0.0781680836093	0.305680458794	2.17214203465	0.823537777179	-0.27969527776	0.0
211	-0.0747148577556	-0.0283465028594	0.218201365182	0.184744597961	2.69355107513	-1.24267837013	4.71238898038	0.0584154156676	-0.078474873505	0.306440042917	2.17186487565	0.824953301174	-0.273809419183	0.0
212	-0.074592906077	-0.0290131649185	0.218769664285	0.171456936954	2.69291545793	-1.24602314224	4.71238898038	0.0580790954271	-0.0781977449811	0.305340721727	2.17002134096	0.825226120902	-0.275856770964	0.0
213	-0.074495404529	-0.0296705832723	0.219624224873	0.150627891417	2.70132462833	-1.25166213372	4.71238898038	0.0580790954271	-0.0781977449811	0.305340721727	2.17002134096	0.825226120902	-0.275856770964	0.0
214	-0.0744121485715	-0.0303312572257	0.220287926505	0.138353961772	2.70154039968	-1.25758768465	4.71238898038	0.0582372932266	-0.0784646378038	0.306389509222	2.17181380854	0.824587671582	-0.273337860846	0.0
215	-0.100184412112	-0.011564876559	0.194283274769	2.26796793855	-0.100357215678	0.188694484692	1.57079632679	0.0582372932266	-0.0784646378038	0.306389509222	2.17181380854	0.824587671582	-0.273337860846	0.0
216	-0.100293998835	-0.0124526134684	0.194711248079	2.26810092173	-0.0862267717513	0.181104742786	1.57079632679	0.0582372932266	-0.0784646378038	0.306389509222	2.17181380854	0.824587671582	-0.273337860846	0.0
217	-0.100567607919	-0.0133242107651	0.195660579246	2.26967988801	-0.0729006655862	0.175181807009	1.57079632679	0.0581675045943	-0.078322978581	0.305831837987	2.17147857692	0.821020379206	-0.269826207937	0.0
218	-0.101124371794	-0.0142537601793	0.19729114833	2.27325524178	-0.0586788928284	0.168442006661	1.57079632679	0.0581675045943	-0.078322978581	0.305831837987	2.17147857692	0.821020379206	-0.269826207937	0.0
219	-0.101548445716	-0.0154058992085	0.198583949752	2.26948580192	-0.0403196886411	0.167278027491	1.57079632679	0.0582372932266	-0.0784646378038	0.306389509222	2.17181380854	0.824587671582	-0.273337860846	0.0
220	-0.101785219317	-0.0163012611855	0.199469656161	2.27083037298	-0.0265207105005	0.16148315474	1.57079632679	0.0580035976256	-0.0782022271203	0.305212088346	2.17472653542	0.818413096823	-0.264109283842	0.0
221	-0.101970461996	-0.0170910154523	0.2002631333	2.27186141916	-0.0150889801972	0.150930519889	1.57079632679	0.0580035976256	-0.0782022271203	0.305212088346	2.17472653542	0.818413096823	-0.264109283842	0.0
222	-0.102434583193	-0.018176558341	0.201978100999	2.27109120482	0.00196370735763	0.148880994644	1.57079632679	0.0581675045943	-0.078322978581	0.305831837987	2.17147857692	0.821020379206	-0.269826207937	0.0
223	-0.102309385325	-0.0187287614217	0.202020451489	2.27123477566	0.00814982498499	0.142594021886	1.57079632679	0.057755218925	-0.0780484817733	0.30459703962	2.17430069044	0.814493646349	-0.260169291003	0.0
224	-0.102781372771	-0.0194932810756	0.203418894477	2.27768445876	0.0271124733378	0.130145288622	1.57079632679	0.057755218925	-0.0780484817733	0.30459703962	2.17430069044	0.814493646349	-0.260169291003	0.0
225	-0.102849588274	-0.0200519765055	0.204054689973	2.27939856638	0.0330190858426	0.125189167771	1.57079632679	0.057755218925	-0.0780484817733	0.30459703962	2.17430069044	0.814493646349	-0.260169291003	0.0
226	-0.102963665991	-0.0207289744978	0.204772116611	2.27692958282	0.0407809165336	0.125735650421	1.57079632679	0.0578262047969	-0.0781920294494	0.305161775654	2.17467356075	0.818047298244	-0.263639204073	0.0
227	-0.103236869543	-0.0212533933064	0.205775538979	2.27697207264	0.0496907673931	0.12041508026	1.57079632679	0.0579897312284	-0.0783127481229	0.305781338567	2.17142719998	0.820654377842	-0.269355627351	0.0
228	-0.103236869543	-0.0212533933064	0.205775538979	2.27697207264	0.0496907673931	0.12041508026	1.57079632679	0.0579897312284	-0.0783127481229	0.305781338567	2.17142719998	0.820654377842	-0.269355627351	0.0
229	-0.10359855669	-0.0224686201385	0.207460362253	2.2789333714	0.0673580570911	0.115048965708	1.57079632679	0.0578262047969	-0.0781920294494	0.305161775654	2.17467356075	0.818047298244	-0.263639204073	0.0
230	-0.103562160494	-0.0230780180288	0.207896559689	2.2753651726	0.0780771782397	0.110559643819	1.57079632679	0.0578262047969	-0.0781920294494	0.305161775654	2.17467356075	0.818047298244	-0.263639204073	0.0
231	-0.103562160494	-0.0230780180288	0.207896559689	2.2753651726	0.0780771782397	0.110559643819	1.57079632679	0.0578262047969	-0.0781920294494	0.305161775654	2.17467356075	0.818047298244	-0.263639204073	0.0
232	-0.103562160494	-0.0230780180288	0.207896559689	2.2753651726	0.0780771782397	0.110559643819	1.57079632679	0.0578262047969	-0.0781920294494	0.305161775654	2.17467356075	0.818047298244	-0.263639204073	0.0
233	-0.103995473415	-0.0252105388143	0.210797451513	2.274510644	0.107647417775	0.0962486020968	1.57079632679	0.057755218925	-0.0780484817733	0.30459703962	2.17430069044	0.814493646349	-0.260169291003	0.0
234	-0.103995473415	-0.0252105388143	0.210797451513	2.274510644	0.107647417775	0.0962486020968	1.57079632679	0.057755218925	-0.0780484817733	0.30459703962	2.17430069044	0.814493646349	-0.260169291003	0.0
235	-0.104290671088	-0.0267748845552	0.21293481417	2.27633719773	0.129638382562	0.0812269192671	1.57079632679	0.0578814472379	-0.0782274812305	0.305449536545	2.17702317156	0.816421250956	-0.267251145261	0.0
236	-0.104598757203	-0.0278205495421	0.214433302656	2.27652963168	0.147815530914	0.0767909897694	1.57079632679	0.0578104705233	-0.0780839768437	0.304884677984	2.17665456966	0.812867884235	-0.263759383508	0.0
237	-0.104550655393	-0.0285137888536	0.21536811254	2.27905853445	0.157230284462	0.0672214293298	1.57079632679	0.0578814472379	-0.0782274812305	0.305449536545	2.17702317156	0.816421250956	-0.267251145261	0.0
238	-0.104451036071	-0.0292263426564	0.215965333344	2.27621586526	0.163489089439	0.0626076649733	1.57079632679	0.0578104705233	-0.0780839768437	0.304884677984	2.17665456966	0.812867884235	-0.263759383508	0.0
239	-0.104636020989	-0.0300592715452	0.217176496413	2.2772205238	0.178691655863	0.0584525327421	1.57079632679	0.0578104705233	-0.0780839768437	0.304884677984	2.17665456966	0.812867884235	-0.263759383508	0.0
240	-0.104823372262	-0.030847719565	0.218687520933	2.2764275046	0.186966361239	0.0517564033937	1.57079632679	0.0578104705233	-0.0780839768437	0.304884677984	2.17665456966	0.812867884235	-0.263759383508	0.0
241	-0.104823372262	-0.030847719565	0.218687520933	2.2764275046	0.186966361239	0.0517564033937	1.57079632679	0.0578104705233	-0.0780839768437	0.304884677984	2.17665456966	0.812867884235	-0.263759383508	0.0
242	-0.104626036699	-0.032310475676	0.219869600937	2.27509520978	0.211314625349	0.0432198804102	1.57079632679	0.0574785913196	-0.07781065738	0.303800294187	2.17481932165	0.81318631421	-0.265850741648	0.0
243	-0.104667795395	-0.0330013796392	0.220738635634	2.27481353884	0.22191261466	0.0373620789596	1.57079632679	0.0575618145589	-0.0779294560647	0.304266316427	2.17622048295	0.808958231127	-0.259822234381	0.0
244	-0.104842690006	-0.0337901794029	0.222259771151	2.2761406813	0.232332790648	0.0326308677523	1.57079632679	0.0577039548335	-0.078059442769	0.304771897031	2.1765071024	0.81231869585	-0.262974097921	0.0
245	-0.104719805385	-0.0344472826651	0.2228488482	2.27509543943	0.24055604351	0.0301895585117	1.57079632679	0.0573377276582	-0.0776821118562	0.30330034039	2.17454561295	0.809838859786	-0.26270621361	0.0
246	-0.104882353596	-0.035248230565	0.224363599513	2.27633700165	0.25116962226	0.0254675492739	1.57079632679	0.0575618145589	-0.0779294560647	0.304266316427	2.17622048295	0.808958231127	-0.259822234381	0.0
247	-0.104707886059	-0.0359784730022	0.224788512567	2.27279556318	0.266121544839	0.0176565780545	1.57079632679	0.0575618145589	-0.0779294560647	0.304266316427	2.17622048295	0.808958231127	-0.259822234381	0.0
248	-0.104829111254	-0.036694220281	0.226244252611	2.27576325075	0.275797718644	0.00978183435993	1.57079632679	0.0575618145589	-0.0779294560647	0.304266316427	2.17622048295	0.808958231127	-0.259822234381	0.0
249	-0.10475193726	-0.0374886292388	0.227022659244	2.27304903807	0.287838364602	0.00729832009946	1.57079632679	0.0575618145589	-0.0779294560647	0.304266316427	2.17622048295	0.808958231127	-0.259822234381	0.0
250	-0.104696464051	-0.0383034501927	0.228324072429	2.27136960663	0.295003770101	0.00331411231409	1.57079632679	0.0575618145589	-0.0779294560647	0.304266316427	2.17622048295	0.808958231127	-0.259822234381	0.0
251	-0.104569483769	-0.0391156587592	0.229170721883	2.26889229953	0.307743005668	3.8097840206e-05	1.57079632679	0.0575618145589	-0.0779294560647	0.304266316427	2.17622048295	0.808958231127	-0.259822234381	0.0
252	-0.104517646702	-0.0399347990825	0.230589956317	2.2694487756	0.316527249273	-0.0104052589665	1.57079632679	0.0577339651873	-0.0782930557086	0.3055533898	2.17365672767	0.815271383984	-0.269392110859	0.0
253	-0.104369307801	-0.0407529269233	0.231405755549	2.26684432799	0.329451081274	-0.0136040047176	1.57079632679	0.0577339651873	-0.0782930557086	0.3055533898	2.17365672767	0.815271383984	-0.269392110859	0.0
254	-0.104507069443	-0.0416724370431	0.233295063436	2.26840434072	0.34646748604	-0.0259188271845	1.57079632679	0.0575618145589	-0.0779294560647	0.304266316427	2.17622048295	0.808958231127	-0.259822234381	0.0
255	-0.104154973102	-0.0424463886863	0.233647145703	2.26243599914	0.35256305067	-0.0239268255498	1.57079632679	0.0576971855959	-0.0784113336562	0.306002448816	2.17385843351	0.818280645329	-0.272110603094	0.0
256	-0.103824150603	-0.0431735675934	0.234406267125	2.26154501505	0.36484189891	-0.0309633020057	1.57079632679	0.0576104383443	-0.0783170505975	0.30578605407	2.17594113732	0.813274178834	-0.272548487669	0.0
257	-0.103824150603	-0.0431735675934	0.234406267125	2.26154501505	0.36484189891	-0.0309633020057	1.57079632679	0.0576104383443	-0.0783170505975	0.30578605407	2.17594113732	0.813274178834	-0.272548487669	0.0
258	-0.103824150603	-0.0431735675934	0.234406267125	2.26154501505	0.36484189891	-0.0309633020057	1.57079632679	0.0576104383443	-0.0783170505975	0.30578605407	2.17594113732	0.813274178834	-0.272548487669	0.0
259	-0.103436423464	-0.0455932703249	0.23795223149	2.25885736504	0.399659098672	-0.0498189235107	1.57079632679	0.0576104383443	-0.0783170505975	0.30578605407	2.17594113732	0.813274178834	-0.272548487669	0.0
260	-0.103186552146	-0.0463229262444	0.238603109565	2.25760521963	0.411938468366	-0.0560876051606	1.57079632679	0.0576104383443	-0.0783170505975	0.30578605407	2.17594113732	0.813274178834	-0.272548487669	0.0
261	-0.103108685872	-0.0471699665793	0.240176568401	2.25786071558	0.426891487429	-0.0648815732309	1.57079632679	0.0576104383443	-0.0783170505975	0.30578605407	2.17594113732	0.813274178834	-0.272548487669	0.0
262	-0.103119541377	-0.0479871005686	0.241540073676	2.25796714833	0.439300143634	-0.0696614625683	1.57079632679	0.0576104383443	-0.0783170505975	0.30578605407	2.17594113732	0.813274178834	-0.272548487669	0.0
263	-0.102707167024	-0.0485585451817	0.241816700227	2.25314562314	0.444383606587	-0.0706020978864	1.57079632679	0.0576104383443	-0.0783170505975	0.30578605407	2.17594113732	0.813274178834	-0.272548487669	0.0
264	-0.102333609267	-0.0491597101738	0.242374904594	2.25110782378	0.456578036975	-0.0766475574333	1.57079632679	0.0576104383443	-0.0783170505975	0.30578605407	2.17594113732	0.813274178834	-0.272548487669	0.0
265	-0.102283966541	-0.0498547231808	0.243542323942	2.25273896764	0.46525830909	-0.0814021887539	1.57079632679	0.0574500311535	-0.0782585090418	0.305391067474	2.17346375975	0.814354679532	-0.268134133548	0.0
266	-0.101978631555	-0.0504640822379	0.244112444233	2.25077225586	0.477814867571	-0.0876800623831	1.57079632679	0.0574500311535	-0.0782585090418	0.305391067474	2.17346375975	0.814354679532	-0.268134133548	0.0
267	-0.10181721217	-0.0510338587235	0.245107452551	2.24907496053	0.481767644288	-0.0905119148174	1.57079632679	0.0575040484017	-0.0782928070978	0.305674385545	2.17579920381	0.812723942548	-0.271756650679	0.0
268	-0.101786141169	-0.0518083262549	0.246441396155	2.24865938633	0.494469662885	-0.0952825891782	1.57079632679	0.0575040484017	-0.0782928070978	0.305674385545	2.17579920381	0.812723942548	-0.271756650679	0.0
269	-0.101605622309	-0.0525858354563	0.24778281378	2.24822053494	0.507605283376	-0.100730999354	1.57079632679	0.0575040484017	-0.0782928070978	0.305674385545	2.17579920381	0.812723942548	-0.271756650679	0.0
270	-0.1011382381	-0.0529957077447	0.247971954798	2.24475147022	0.511625869986	-0.104969430243	1.57079632679	0.0573630056086	-0.0781636748162	0.305172209341	2.17554095818	0.809357185202	-0.268569601975	0.0
271	-0.101028005425	-0.0538084685619	0.249437077402	2.24431110749	0.5278996547	-0.114171955414	1.57079632679	0.0573787442408	-0.0782724803899	0.305451998205	2.17355432966	0.814539269974	-0.268452813332	0.0
272	-0.100455717201	-0.0543327894097	0.249538915455	2.24094905131	0.531842458124	-0.117916562087	1.57079632679	0.0575040484017	-0.0782928070978	0.305674385545	2.17579920381	0.812723942548	-0.271756650679	0.0
273	-0.100529647661	-0.0552976016832	0.251658421982	2.2419355112	0.545455826021	-0.121951759614	1.57079632679	0.0573630056086	-0.0781636748162	0.305172209341	2.17554095818	0.809357185202	-0.268569601975	0.0
274	-0.10008756158	-0.0559093324775	0.252141897139	2.23967158012	0.559086283912	-0.129072783889	1.57079632679	0.0573630056086	-0.0781636748162	0.305172209341	2.17554095818	0.809357185202	-0.268569601975	0.0
275	-0.10008756158	-0.0559093324775	0.252141897139	2.23967158012	0.559086283912	-0.129072783889	1.57079632679	0.0573630056086	-0.0781636748162	0.305172209341	2.17554095818	0.809357185202	-0.268569601975	0.0
276	-0.0993986689267	-0.0570981128187	0.253483092339	2.2349888171	0.576333443019	-0.137586554477	1.57079632679	0.0575040484017	-0.0782928070978	0.305674385545	2.17579920381	0.812723942548	-0.271756650679	0.0
277	-0.0989120814513	-0.0576117013953	0.253640617546	2.2296244285	0.581880487662	-0.13795341074	1.57079632679	0.0575040484017	-0.0782928070978	0.305674385545	2.17579920381	0.812723942548	-0.271756650679	0.0
278	-0.0987773838747	-0.0581702802252	0.25485127842	2.22994747547	0.593872871673	-0.146462913619	1.57079632679	0.0573630056086	-0.0781636748162	0.305172209341	2.17554095818	0.809357185202	-0.268569601975	0.0
279	-0.0985624207719	-0.0587758367809	0.255829958591	2.22781587469	0.598399310631	-0.14910320462	1.57079632679	0.0573630056086	-0.0781636748162	0.305172209341	2.17554095818	0.809357185202	-0.268569601975	0.0
280	-0.0981210966283	-0.0591783456447	0.256051844248	2.22676978272	0.607512430229	-0.155378434172	1.57079632679	0.0572566119165	-0.0781391950968	0.305059641516	2.17539629099	0.808807689335	-0.267782755463	0.0
281	-0.097825565863	-0.0598812329228	0.257129339827	2.22538782993	0.617723203354	-0.155974482337	1.57079632679	0.0569522663776	-0.077886887746	0.303929164331	2.17832871599	0.802865750718	-0.258913692268	0.0
282	-0.0975978564536	-0.0606113408819	0.25832631042	2.22422638838	0.632115077144	-0.161764678714	1.57079632679	0.0572566119165	-0.0781391950968	0.305059641516	2.17539629099	0.808807689335	-0.267782755463	0.0
283	-0.0562238389051	-0.0658422802326	0.268966027537	0.7620864459	-2.64663102451	1.20870389383	4.71238898038	0.0567160747529	-0.0776949269186	0.303168782761	2.17657612343	0.793041289829	-0.257752545324	0.0
284	-0.0557832384088	-0.066318815834	0.269788034976	0.767638053117	-2.64219533832	1.20858559971	4.71238898038	0.0567160747529	-0.0776949269186	0.303168782761	2.17657612343	0.793041289829	-0.257752545324	0.0
285	-0.0551796981816	-0.0664353313409	0.269683410986	0.782289713385	-2.63389977369	1.20542322584	4.71238898038	0.0571561113383	-0.0785571637356	0.306095166366	2.17762322526	0.807977653741	-0.264950834374	0.0
286	-0.0550506249566	-0.0670172702731	0.271342494959	0.793057455427	-2.63050140886	1.19727408566	4.71238898038	0.0566905556828	-0.0779460019273	0.30414471003	2.17828893734	0.791921478064	-0.254697332331	0.0
287	-0.0550506249566	-0.0670172702731	0.271342494959	0.793057455427	-2.63050140886	1.19727408566	4.71238898038	0.0566905556828	-0.0779460019273	0.30414471003	2.17828893734	0.791921478064	-0.254697332331	0.0
288	-0.0550506249566	-0.0670172702731	0.271342494959	0.793057455427	-2.63050140886	1.19727408566	4.71238898038	0.0566905556828	-0.0779460019273	0.30414471003	2.17828893734	0.791921478064	-0.254697332331	0.0
289	-0.0550506249566	-0.0670172702731	0.271342494959	0.793057455427	-2.63050140886	1.19727408566	4.71238898038	0.0566905556828	-0.0779460019273	0.30414471003	2.17828893734	0.791921478064	-0.254697332331	0.0
290	-0.0536007017975	-0.0680100298327	0.272673399027	0.823442451519	-2.61297870257	1.1879778763	4.71238898038	0.0567395538975	-0.0783610894735	0.305303489161	2.17812343405	0.795855994404	-0.251002797148	0.0
291	-0.0532084015192	-0.0681727478593	0.272617606746	0.822673839594	-2.6090692766	1.19015323395	4.71238898038	0.0566220399706	-0.0780894475407	0.304695723168	2.18543278083	0.786394989333	-0.249138480989	0.0
292	-0.0529896992785	-0.0684561422935	0.273335929463	0.8322919522	-2.60463216343	1.18499937164	4.71238898038	0.0567395538975	-0.0783610894735	0.305303489161	2.17812343405	0.795855994404	-0.251002797148	0.0
293	-0.0525496064758	-0.0686144778277	0.273261692475	0.8386785406	-2.60162964086	1.18378705176	4.71238898038	0.0564334001553	-0.077977536158	0.30395707696	2.17943397006	0.783976025689	-0.244888097725	0.0
294	-0.0524051084455	-0.0688997715589	0.273974227132	0.848510771761	-2.59688738404	1.17820119017	4.71238898038	0.0571443924566	-0.0787989771164	0.306568498309	2.17805689209	0.800556190271	-0.248210625208	0.0
